{
  "title": "Theme",
  "jupyter.lab.setting-icon-label": "Theme Manager",
  "description": "Theme manager settings.",
  "type": "object",
  "additionalProperties": false,
  "definitions": {
    "cssOverrides": {
      "type": "object",
      "additionalProperties": false,
      "description": "The description field of each item is the CSS property that will be used to validate an override's value",
      "properties": {
        "code-font-size": {
          "type": ["string", "null"],
          "description": "font-size"
        },
        "content-font-size1": {
          "type": ["string", "null"],
          "description": "font-size"
        },
        "ui-font-size1": {
          "type": ["string", "null"],
          "description": "font-size"
        }
      }
    }
  },
  "properties": {
    "theme": {
      "type": "string",
      "title": "Selected Theme",
      "description": "Application-level visual styling theme",
      "default": "JupyterLab Light"
    },
    "theme-scrollbars": {
      "type": "boolean",
      "title": "Scrollbar Theming",
      "description": "Enable/disable styling of the application scrollbars",
      "default": false
    },
    "overrides": {
      "title": "Theme CSS Overrides",
      "description": "Override theme CSS variables by setting key-value pairs here",
      "$ref": "#/definitions/cssOverrides",
      "default": {
        "code-font-size": null,
        "content-font-size1": null,
        "ui-font-size1": null
      }
    }
  }
}
